sigma,num_images,mean_BER,recover_rate
0.5,100,0.0640000057220459,0.37
1.0,100,0.44,0.0
1.5,100,0.4793333435058594,0.0
2.0,100,0.5043333435058593,0.0
